Feature,p_value,Cramers_V,Decision
NAME_INCOME_TYPE,1.9281456056861122e-266,0.06384498427091885,Retained for one-hot encoding
WALLSMATERIAL_MODE,3.9168421872326693e-125,0.04413651957414233,Retained for one-hot encoding
EMERGENCYSTATE_MODE,1.0198212313643335e-119,0.042213410412772996,Retained for one-hot encoding
HOUSETYPE_MODE,4.3693096011918614e-110,0.04070064676428868,Dropped from numeric branch
NAME_FAMILY_STATUS,7.744841561414037e-107,0.04051200882303465,Dropped from numeric branch
NAME_HOUSING_TYPE,1.0990890032617707e-88,0.03698125854026016,Dropped from numeric branch
FONDKAPREMONT_MODE,9.504317433236526e-60,0.030267441913279722,Dropped from numeric branch
NAME_TYPE_SUITE,1.2562030207008644e-07,0.012122469526432223,Dropped from numeric branch
WEEKDAY_APPR_PROCESS_START,0.01744736931389504,0.0070738282050768824,Dropped from numeric branch
