CatBoost weight,LightGBM weight,ROC-AUC,PR-AUC,BlendType,LightGBM,CatBoost,XGBoost
0.1,0.9,0.7653941487258951,0.25589557626344456,LightGBM + CatBoost,,,
0.25,0.75,0.7662101404799817,0.25771024072834753,LightGBM + CatBoost,,,
0.5,0.5,0.766860713095243,0.2592326434398298,LightGBM + CatBoost,,,
0.75,0.25,0.7665842011203188,0.25926859644451195,LightGBM + CatBoost,,,
0.9,0.09999999999999998,0.7659598761246302,0.2586184693430117,LightGBM + CatBoost,,,
,,0.7649296534940166,0.25506285225283454,LightGBM + CatBoost + XGBoost,0.2,0.2,0.6000000000000001
,,0.7656616478781375,0.2563672727846319,LightGBM + CatBoost + XGBoost,0.2,0.3,0.5
,,0.7662048681568319,0.25754677360085576,LightGBM + CatBoost + XGBoost,0.2,0.4,0.4
,,0.7665562471204833,0.25847299255230366,LightGBM + CatBoost + XGBoost,0.2,0.5,0.30000000000000004
,,0.765493133030652,0.2559452052626807,LightGBM + CatBoost + XGBoost,0.3,0.2,0.49999999999999994
,,0.7661291426344025,0.25712580104399,LightGBM + CatBoost + XGBoost,0.3,0.3,0.39999999999999997
,,0.7665747893110203,0.2582855403427826,LightGBM + CatBoost + XGBoost,0.3,0.4,0.29999999999999993
,,0.7668147833233712,0.2590266952742136,LightGBM + CatBoost + XGBoost,0.3,0.5,0.19999999999999996
,,0.7659081717339571,0.2566216240877505,LightGBM + CatBoost + XGBoost,0.4,0.2,0.39999999999999997
,,0.7664459486952372,0.25780822080323146,LightGBM + CatBoost + XGBoost,0.4,0.3,0.3
,,0.7667755686387542,0.2587230638343144,LightGBM + CatBoost + XGBoost,0.4,0.4,0.19999999999999996
,,0.7669156592521772,0.25927336017396324,LightGBM + CatBoost + XGBoost,0.4,0.5,0.09999999999999998
,,0.7661624651416614,0.25721057443810647,LightGBM + CatBoost + XGBoost,0.5,0.2,0.3
,,0.7665862352395881,0.2582009500334723,LightGBM + CatBoost + XGBoost,0.5,0.3,0.2
,,0.7668206826254901,0.25893227695400434,LightGBM + CatBoost + XGBoost,0.5,0.4,0.09999999999999998
,,0.766860713095243,0.2592326434398298,LightGBM + CatBoost + XGBoost,0.5,0.5,0.0
