Feature,Dtype,MissingCount,MissingPct,MissingTargetRate,NonMissingTargetRate,TargetRateDifference,Decision
COMMONAREA_AVG,float64,214865,69.87229725115525,0.08574221022502501,0.06910174211514798,0.01664046810987703,Dropped: >50% numerical missingness
COMMONAREA_MEDI,float64,214865,69.87229725115525,0.08574221022502501,0.06910174211514798,0.01664046810987703,Dropped: >50% numerical missingness
COMMONAREA_MODE,float64,214865,69.87229725115525,0.08574221022502501,0.06910174211514798,0.01664046810987703,Dropped: >50% numerical missingness
NONLIVINGAPARTMENTS_AVG,float64,213514,69.43296337366793,0.08583512088200305,0.06912986584678234,0.016705255035220717,Dropped: >50% numerical missingness
NONLIVINGAPARTMENTS_MEDI,float64,213514,69.43296337366793,0.08583512088200305,0.06912986584678234,0.016705255035220717,Dropped: >50% numerical missingness
NONLIVINGAPARTMENTS_MODE,float64,213514,69.43296337366793,0.08583512088200305,0.06912986584678234,0.016705255035220717,Dropped: >50% numerical missingness
FONDKAPREMONT_MODE,object,210295,68.38617155158677,0.0861884495589529,0.06891869651086241,0.01726975304809049,"Categorical missing -> ""Missing"""
LIVINGAPARTMENTS_AVG,float64,210199,68.35495315614726,0.08621354050209563,0.06888153567905295,0.017332004823042688,Dropped: >50% numerical missingness
LIVINGAPARTMENTS_MEDI,float64,210199,68.35495315614726,0.08621354050209563,0.06888153567905295,0.017332004823042688,Dropped: >50% numerical missingness
LIVINGAPARTMENTS_MODE,float64,210199,68.35495315614726,0.08621354050209563,0.06888153567905295,0.017332004823042688,Dropped: >50% numerical missingness
FLOORSMIN_AVG,float64,208642,67.84862980511267,0.0863105223301157,0.06894982249238892,0.017360699837726784,Dropped: >50% numerical missingness
FLOORSMIN_MEDI,float64,208642,67.84862980511267,0.0863105223301157,0.06894982249238892,0.017360699837726784,Dropped: >50% numerical missingness
FLOORSMIN_MODE,float64,208642,67.84862980511267,0.0863105223301157,0.06894982249238892,0.017360699837726784,Dropped: >50% numerical missingness
YEARS_BUILD_AVG,float64,204488,66.49778381911543,0.0868070498024334,0.06866427885035381,0.018142770952079584,Dropped: >50% numerical missingness
YEARS_BUILD_MEDI,float64,204488,66.49778381911543,0.0868070498024334,0.06866427885035381,0.018142770952079584,Dropped: >50% numerical missingness
YEARS_BUILD_MODE,float64,204488,66.49778381911543,0.0868070498024334,0.06866427885035381,0.018142770952079584,Dropped: >50% numerical missingness
OWN_CAR_AGE,float64,202929,65.9908100848425,0.08500017247411656,0.0724407641850414,0.01255940828907516,Dropped: >50% numerical missingness
LANDAREA_AVG,float64,182590,59.376737742714894,0.08819760118297826,0.06981212126063673,0.018385479922341533,Dropped: >50% numerical missingness
LANDAREA_MEDI,float64,182590,59.376737742714894,0.08819760118297826,0.06981212126063673,0.018385479922341533,Dropped: >50% numerical missingness
LANDAREA_MODE,float64,182590,59.376737742714894,0.08819760118297826,0.06981212126063673,0.018385479922341533,Dropped: >50% numerical missingness
BASEMENTAREA_AVG,float64,179943,58.51595552679416,0.08912822393758023,0.0688809105731845,0.020247313364395725,Dropped: >50% numerical missingness
BASEMENTAREA_MEDI,float64,179943,58.51595552679416,0.08912822393758023,0.0688809105731845,0.020247313364395725,Dropped: >50% numerical missingness
BASEMENTAREA_MODE,float64,179943,58.51595552679416,0.08912822393758023,0.0688809105731845,0.020247313364395725,Dropped: >50% numerical missingness
EXT_SOURCE_1,float64,173378,56.381072546998325,0.08519535350505832,0.07495545466067262,0.010239898844385698,Dropped: >50% numerical missingness
NONLIVINGAREA_AVG,float64,169682,55.17916432257708,0.0903454697610825,0.06888971116383344,0.02145575859724906,Dropped: >50% numerical missingness
NONLIVINGAREA_MEDI,float64,169682,55.17916432257708,0.0903454697610825,0.06888971116383344,0.02145575859724906,Dropped: >50% numerical missingness
NONLIVINGAREA_MODE,float64,169682,55.17916432257708,0.0903454697610825,0.06888971116383344,0.02145575859724906,Dropped: >50% numerical missingness
ELEVATORS_AVG,float64,163891,53.29597965601231,0.0910056073853964,0.06900153182008077,0.022004075565315626,Dropped: >50% numerical missingness
ELEVATORS_MEDI,float64,163891,53.29597965601231,0.0910056073853964,0.06900153182008077,0.022004075565315626,Dropped: >50% numerical missingness
ELEVATORS_MODE,float64,163891,53.29597965601231,0.0910056073853964,0.06900153182008077,0.022004075565315626,Dropped: >50% numerical missingness
WALLSMATERIAL_MODE,object,156341,50.8407829313423,0.09128123780710115,0.06981543957134352,0.02146579823575763,"Categorical missing -> ""Missing"""
APARTMENTS_AVG,float64,156061,50.74972927797705,0.09153472039779317,0.06959392538791681,0.021940795009876363,Dropped: >50% numerical missingness
APARTMENTS_MEDI,float64,156061,50.74972927797705,0.09153472039779317,0.06959392538791681,0.021940795009876363,Dropped: >50% numerical missingness
APARTMENTS_MODE,float64,156061,50.74972927797705,0.09153472039779317,0.06959392538791681,0.021940795009876363,Dropped: >50% numerical missingness
ENTRANCES_AVG,float64,154828,50.3487680115508,0.09178572351254295,0.06951658010387535,0.022269143408667605,Dropped: >50% numerical missingness
ENTRANCES_MEDI,float64,154828,50.3487680115508,0.09178572351254295,0.06951658010387535,0.022269143408667605,Dropped: >50% numerical missingness
ENTRANCES_MODE,float64,154828,50.3487680115508,0.09178572351254295,0.06951658010387535,0.022269143408667605,Dropped: >50% numerical missingness
LIVINGAREA_AVG,float64,154350,50.193326417591564,0.09142209264658244,0.06995253360842513,0.02146955903815731,Dropped: >50% numerical missingness
LIVINGAREA_MEDI,float64,154350,50.193326417591564,0.09142209264658244,0.06995253360842513,0.02146955903815731,Dropped: >50% numerical missingness
LIVINGAREA_MODE,float64,154350,50.193326417591564,0.09142209264658244,0.06995253360842513,0.02146955903815731,Dropped: >50% numerical missingness
HOUSETYPE_MODE,object,154297,50.176091261776,0.09151182459801552,0.06986959416241335,0.021642230435602164,"Categorical missing -> ""Missing"""
FLOORSMAX_AVG,float64,153020,49.76082156410665,0.09190955430662659,0.06965454298308639,0.0222550113235402,Kept: median imputation
FLOORSMAX_MEDI,float64,153020,49.76082156410665,0.09190955430662659,0.06965454298308639,0.0222550113235402,Kept: median imputation
FLOORSMAX_MODE,float64,153020,49.76082156410665,0.09190955430662659,0.06965454298308639,0.0222550113235402,Kept: median imputation
LATE_PAYMENT_COUNT,float64,152512,49.59562422157256,0.06715537138061267,0.09408447796437397,-0.026929106583761298,Kept: median imputation
LATE_PAYMENT_RATE,float64,152512,49.59562422157256,0.06715537138061267,0.09408447796437397,-0.026929106583761298,Kept: median imputation
YEARS_BEGINEXPLUATATION_AVG,float64,150007,48.781019215572776,0.09204903771157345,0.06994742990654206,0.022101607805031398,Kept: median imputation
YEARS_BEGINEXPLUATATION_MEDI,float64,150007,48.781019215572776,0.09204903771157345,0.06994742990654206,0.022101607805031398,Kept: median imputation
YEARS_BEGINEXPLUATATION_MODE,float64,150007,48.781019215572776,0.09204903771157345,0.06994742990654206,0.022101607805031398,Kept: median imputation
TOTALAREA_MODE,float64,148431,48.26851722377411,0.09233920137976569,0.06989564998742771,0.022443551392337974,Kept: median imputation
EMERGENCYSTATE_MODE,object,145755,47.39830445089769,0.09260745772014682,0.07002522317564727,0.02258223454449955,"Categorical missing -> ""Missing"""
OCCUPATION_TYPE,object,96391,31.345545362604916,0.06513056198192778,0.08785051155740811,-0.022719949575480333,"Categorical missing -> ""Missing"""
EXT_SOURCE_3,float64,60965,19.825307062186393,0.09311900270647093,0.07766501991514768,0.015453982791323248,Kept: median imputation
BUREAU_CREDIT_GROUP,category,44020,14.314935075493235,0.10124943207632894,0.07730055296006315,0.023948879116265795,"Categorical missing -> ""Missing"""
AMT_REQ_CREDIT_BUREAU_DAY,float64,41519,13.501630835970097,0.10337435872732965,0.07719405094890072,0.026180307778428932,Kept: median imputation
AMT_REQ_CREDIT_BUREAU_HOUR,float64,41519,13.501630835970097,0.10337435872732965,0.07719405094890072,0.026180307778428932,Kept: median imputation
AMT_REQ_CREDIT_BUREAU_MON,float64,41519,13.501630835970097,0.10337435872732965,0.07719405094890072,0.026180307778428932,Kept: median imputation
AMT_REQ_CREDIT_BUREAU_QRT,float64,41519,13.501630835970097,0.10337435872732965,0.07719405094890072,0.026180307778428932,Kept: median imputation
AMT_REQ_CREDIT_BUREAU_WEEK,float64,41519,13.501630835970097,0.10337435872732965,0.07719405094890072,0.026180307778428932,Kept: median imputation
AMT_REQ_CREDIT_BUREAU_YEAR,float64,41519,13.501630835970097,0.10337435872732965,0.07719405094890072,0.026180307778428932,Kept: median imputation
AVG_PAYMENT_DELAY,float64,15876,5.162742145809418,0.05983875031494079,0.08186603116909837,-0.022027280854157574,Kept: median imputation
UNDERPAYMENT_RATE,float64,15868,5.160140612856125,0.05980589866397782,0.08186721436825159,-0.02206131570427377,Kept: median imputation
NAME_TYPE_SUITE,object,1292,0.42014757195677555,0.05417956656346749,0.0808408361336168,-0.026661269570149304,"Categorical missing -> ""Missing"""
DEF_30_CNT_SOCIAL_CIRCLE,float64,1021,0.3320206431639844,0.03525954946131244,0.0808802897321283,-0.045620740270815856,Kept: median imputation
DEF_60_CNT_SOCIAL_CIRCLE,float64,1021,0.3320206431639844,0.03525954946131244,0.0808802897321283,-0.045620740270815856,Kept: median imputation
OBS_30_CNT_SOCIAL_CIRCLE,float64,1021,0.3320206431639844,0.03525954946131244,0.0808802897321283,-0.045620740270815856,Kept: median imputation
OBS_60_CNT_SOCIAL_CIRCLE,float64,1021,0.3320206431639844,0.03525954946131244,0.0808802897321283,-0.045620740270815856,Kept: median imputation
EXT_SOURCE_2,float64,660,0.21462646864665005,0.07878787878787878,0.08073299418936226,-0.0019451154014834826,Kept: median imputation
AMT_GOODS_PRICE,float64,278,0.09040327012692229,0.07553956834532374,0.08073351495444825,-0.005193946609124506,Kept: median imputation
AMT_ANNUITY,float64,12,0.003902299429939092,0.0,0.08073196986006459,-0.08073196986006459,Kept: median imputation
CNT_FAM_MEMBERS,float64,2,0.0006503832383231819,0.0,0.08072934450699004,-0.08072934450699004,Kept: median imputation
DAYS_LAST_PHONE_CHANGE,float64,1,0.00032519161916159093,0.0,0.08072908198107379,-0.08072908198107379,Kept: median imputation
AGE_GROUP,category,0,0.0,,0.08072881945686496,,No missing treatment required
AGE_YEARS,float64,0,0.0,,0.08072881945686496,,No missing treatment required
AMT_CREDIT,float64,0,0.0,,0.08072881945686496,,No missing treatment required
AMT_INCOME_TOTAL,float64,0,0.0,,0.08072881945686496,,No missing treatment required
BUREAU_ACTIVE_COUNT,float64,0,0.0,,0.08072881945686496,,No missing treatment required
BUREAU_ACTIVE_RATIO,float64,0,0.0,,0.08072881945686496,,No missing treatment required
BUREAU_AVG_MONTHS_REPORTED,float64,0,0.0,,0.08072881945686496,,No missing treatment required
BUREAU_AVG_OVERDUE_RATIO,float64,0,0.0,,0.08072881945686496,,No missing treatment required
BUREAU_AVG_SEVERE_OVERDUE_RATIO,float64,0,0.0,,0.08072881945686496,,No missing treatment required
BUREAU_BALANCE_CREDIT_COUNT,float64,0,0.0,,0.08072881945686496,,No missing treatment required
BUREAU_CREDIT_COUNT,float64,0,0.0,,0.08072881945686496,,No missing treatment required
BUREAU_DEBT_INCOME_GROUP,category,0,0.0,,0.08072881945686496,,No missing treatment required
BUREAU_DEBT_INCOME_RATIO,float64,0,0.0,,0.08072881945686496,,No missing treatment required
BUREAU_MAX_OVERDUE_DAYS,float64,0,0.0,,0.08072881945686496,,No missing treatment required
BUREAU_MAX_OVERDUE_RATIO,float64,0,0.0,,0.08072881945686496,,No missing treatment required
BUREAU_OVERDUE_COUNT,float64,0,0.0,,0.08072881945686496,,No missing treatment required
BUREAU_OVERDUE_RATIO,float64,0,0.0,,0.08072881945686496,,No missing treatment required
BUREAU_TOTAL_DEBT,float64,0,0.0,,0.08072881945686496,,No missing treatment required
BUREAU_TOTAL_OVERDUE_MONTHS,float64,0,0.0,,0.08072881945686496,,No missing treatment required
BUREAU_TOTAL_SEVERE_OVERDUE_MONTHS,float64,0,0.0,,0.08072881945686496,,No missing treatment required
CNT_CHILDREN,int64,0,0.0,,0.08072881945686496,,No missing treatment required
CODE_GENDER,object,0,0.0,,0.08072881945686496,,No missing treatment required
CREDIT_GROUP,category,0,0.0,,0.08072881945686496,,No missing treatment required
CREDIT_INCOME_RATIO,float64,0,0.0,,0.08072881945686496,,No missing treatment required
DAYS_BIRTH,int64,0,0.0,,0.08072881945686496,,No missing treatment required
DAYS_EMPLOYED,int64,0,0.0,,0.08072881945686496,,No missing treatment required
DAYS_ID_PUBLISH,int64,0,0.0,,0.08072881945686496,,No missing treatment required
DAYS_REGISTRATION,float64,0,0.0,,0.08072881945686496,,No missing treatment required
DEBT_INCOME_GROUP,category,0,0.0,,0.08072881945686496,,No missing treatment required
FLAG_CONT_MOBILE,int64,0,0.0,,0.08072881945686496,,No missing treatment required
FLAG_DOCUMENT_10,int64,0,0.0,,0.08072881945686496,,No missing treatment required
FLAG_DOCUMENT_11,int64,0,0.0,,0.08072881945686496,,No missing treatment required
FLAG_DOCUMENT_12,int64,0,0.0,,0.08072881945686496,,No missing treatment required
FLAG_DOCUMENT_13,int64,0,0.0,,0.08072881945686496,,No missing treatment required
FLAG_DOCUMENT_14,int64,0,0.0,,0.08072881945686496,,No missing treatment required
FLAG_DOCUMENT_15,int64,0,0.0,,0.08072881945686496,,No missing treatment required
FLAG_DOCUMENT_16,int64,0,0.0,,0.08072881945686496,,No missing treatment required
FLAG_DOCUMENT_17,int64,0,0.0,,0.08072881945686496,,No missing treatment required
FLAG_DOCUMENT_18,int64,0,0.0,,0.08072881945686496,,No missing treatment required
FLAG_DOCUMENT_19,int64,0,0.0,,0.08072881945686496,,No missing treatment required
FLAG_DOCUMENT_2,int64,0,0.0,,0.08072881945686496,,No missing treatment required
FLAG_DOCUMENT_20,int64,0,0.0,,0.08072881945686496,,No missing treatment required
FLAG_DOCUMENT_21,int64,0,0.0,,0.08072881945686496,,No missing treatment required
FLAG_DOCUMENT_3,int64,0,0.0,,0.08072881945686496,,No missing treatment required
FLAG_DOCUMENT_4,int64,0,0.0,,0.08072881945686496,,No missing treatment required
FLAG_DOCUMENT_5,int64,0,0.0,,0.08072881945686496,,No missing treatment required
FLAG_DOCUMENT_6,int64,0,0.0,,0.08072881945686496,,No missing treatment required
FLAG_DOCUMENT_7,int64,0,0.0,,0.08072881945686496,,No missing treatment required
FLAG_DOCUMENT_8,int64,0,0.0,,0.08072881945686496,,No missing treatment required
FLAG_DOCUMENT_9,int64,0,0.0,,0.08072881945686496,,No missing treatment required
FLAG_EMAIL,int64,0,0.0,,0.08072881945686496,,No missing treatment required
FLAG_EMP_PHONE,int64,0,0.0,,0.08072881945686496,,No missing treatment required
FLAG_MOBIL,int64,0,0.0,,0.08072881945686496,,No missing treatment required
FLAG_OWN_CAR,object,0,0.0,,0.08072881945686496,,No missing treatment required
FLAG_OWN_REALTY,object,0,0.0,,0.08072881945686496,,No missing treatment required
FLAG_PHONE,int64,0,0.0,,0.08072881945686496,,No missing treatment required
FLAG_WORK_PHONE,int64,0,0.0,,0.08072881945686496,,No missing treatment required
HAS_BUREAU_BALANCE_HISTORY,bool,0,0.0,,0.08072881945686496,,No missing treatment required
HAS_BUREAU_HISTORY,bool,0,0.0,,0.08072881945686496,,No missing treatment required
HAS_BUREAU_OVERDUE,bool,0,0.0,,0.08072881945686496,,No missing treatment required
HOUR_APPR_PROCESS_START,int64,0,0.0,,0.08072881945686496,,No missing treatment required
INCOME_GROUP,category,0,0.0,,0.08072881945686496,,No missing treatment required
LIVE_CITY_NOT_WORK_CITY,int64,0,0.0,,0.08072881945686496,,No missing treatment required
LIVE_REGION_NOT_WORK_REGION,int64,0,0.0,,0.08072881945686496,,No missing treatment required
NAME_CONTRACT_TYPE,object,0,0.0,,0.08072881945686496,,No missing treatment required
NAME_EDUCATION_TYPE,object,0,0.0,,0.08072881945686496,,No missing treatment required
NAME_FAMILY_STATUS,object,0,0.0,,0.08072881945686496,,No missing treatment required
NAME_HOUSING_TYPE,object,0,0.0,,0.08072881945686496,,No missing treatment required
NAME_INCOME_TYPE,object,0,0.0,,0.08072881945686496,,No missing treatment required
ORGANIZATION_TYPE,object,0,0.0,,0.08072881945686496,,No missing treatment required
OVERDUE_SEVERITY,category,0,0.0,,0.08072881945686496,,No missing treatment required
PREVIOUS_APPROVAL_RATE,float64,0,0.0,,0.08072881945686496,,No missing treatment required
PREVIOUS_APPROVED_COUNT,float64,0,0.0,,0.08072881945686496,,No missing treatment required
PREVIOUS_APP_COUNT,float64,0,0.0,,0.08072881945686496,,No missing treatment required
PREVIOUS_AVG_APPLICATION,float64,0,0.0,,0.08072881945686496,,No missing treatment required
PREVIOUS_AVG_CREDIT,float64,0,0.0,,0.08072881945686496,,No missing treatment required
PREVIOUS_CANCELED_COUNT,float64,0,0.0,,0.08072881945686496,,No missing treatment required
PREVIOUS_REFUSAL_RATE,float64,0,0.0,,0.08072881945686496,,No missing treatment required
PREVIOUS_REFUSED_COUNT,float64,0,0.0,,0.08072881945686496,,No missing treatment required
PREVIOUS_UNUSED_COUNT,float64,0,0.0,,0.08072881945686496,,No missing treatment required
REGION_POPULATION_RELATIVE,float64,0,0.0,,0.08072881945686496,,No missing treatment required
REGION_RATING_CLIENT,int64,0,0.0,,0.08072881945686496,,No missing treatment required
REGION_RATING_CLIENT_W_CITY,int64,0,0.0,,0.08072881945686496,,No missing treatment required
REG_CITY_NOT_LIVE_CITY,int64,0,0.0,,0.08072881945686496,,No missing treatment required
REG_CITY_NOT_WORK_CITY,int64,0,0.0,,0.08072881945686496,,No missing treatment required
REG_REGION_NOT_LIVE_REGION,int64,0,0.0,,0.08072881945686496,,No missing treatment required
REG_REGION_NOT_WORK_REGION,int64,0,0.0,,0.08072881945686496,,No missing treatment required
SK_ID_CURR,int64,0,0.0,,0.08072881945686496,,No missing treatment required
TARGET,int64,0,0.0,,,,No missing treatment required
WEEKDAY_APPR_PROCESS_START,object,0,0.0,,0.08072881945686496,,No missing treatment required
