Model,Feature,Importance,ImportanceMethod,ImportancePct,Rank,CumulativeImportancePct
LightGBM,EXT_SOURCE_3,1203.0,Split importance,5.297225891677675,1,5.297225891677675
LightGBM,EXT_SOURCE_2,1153.0,Split importance,5.077058564509026,2,10.3742844561867
LightGBM,AMT_CREDIT,1076.0,Split importance,4.738000880669309,3,15.112285336856008
LightGBM,AGE_YEARS,1047.0,Split importance,4.6103038309114925,4,19.722589167767502
LightGBM,DAYS_EMPLOYED,881.0,Split importance,3.8793483047115807,5,23.601937472479083
LightGBM,AMT_ANNUITY,867.0,Split importance,3.8177014531043594,6,27.419638925583442
LightGBM,PREVIOUS_AVG_CREDIT,850.0,Split importance,3.742844561867019,7,31.162483487450462
LightGBM,DAYS_LAST_PHONE_CHANGE,839.0,Split importance,3.6944077498899164,8,34.85689123734038
LightGBM,CREDIT_INCOME_RATIO,826.0,Split importance,3.637164244826068,9,38.494055482166445
LightGBM,AVG_PAYMENT_DELAY,817.0,Split importance,3.597534125935711,10,42.091589608102154
LightGBM,DAYS_ID_PUBLISH,813.0,Split importance,3.579920739762219,11,45.67151034786437
LightGBM,DAYS_REGISTRATION,733.0,Split importance,3.2276530162923827,12,48.89916336415675
LightGBM,LATE_PAYMENT_RATE,721.0,Split importance,3.1748128577719066,13,52.07397622192865
LightGBM,REGION_POPULATION_RELATIVE,587.0,Split importance,2.5847644209599294,14,54.65874064288858
LightGBM,TOTALAREA_MODE,560.0,Split importance,2.4658740642888595,15,57.12461470717744
LightGBM,BUREAU_DEBT_INCOME_RATIO,508.0,Split importance,2.236900044033465,16,59.361514751210905
LightGBM,UNDERPAYMENT_RATE,504.0,Split importance,2.2192866578599735,17,61.58080140907088
LightGBM,AMT_INCOME_TOTAL,465.0,Split importance,2.0475561426684283,18,63.628357551739306
LightGBM,YEARS_BEGINEXPLUATATION_MEDI,449.0,Split importance,1.9771025979744605,19,65.60546014971376
LightGBM,BUREAU_CREDIT_COUNT,438.0,Split importance,1.9286657859973582,20,67.53412593571112
LightGBM,BUREAU_TOTAL_DEBT,428.0,Split importance,1.8846323205636284,21,69.41875825627474
LightGBM,PREVIOUS_APPROVAL_RATE,401.0,Split importance,1.7657419638925582,22,71.1845002201673
LightGBM,ORGANIZATION_TYPE,379.0,Split importance,1.6688683399383533,23,72.85336856010565
LightGBM,BUREAU_ACTIVE_RATIO,360.0,Split importance,1.5852047556142668,24,74.43857331571992
LightGBM,OCCUPATION_TYPE,329.0,Split importance,1.4487010127697049,25,75.88727432848962
LightGBM,PREVIOUS_REFUSAL_RATE,323.0,Split importance,1.4222809335094673,26,77.3095552619991
LightGBM,HOUR_APPR_PROCESS_START,309.0,Split importance,1.3606340819022458,27,78.67018934390134
LightGBM,PREVIOUS_APP_COUNT,297.0,Split importance,1.3077939233817701,28,79.97798326728311
LightGBM,NAME_EDUCATION_TYPE,294.0,Split importance,1.2945838837516512,29,81.27256715103476
LightGBM,LATE_PAYMENT_COUNT,284.0,Split importance,1.2505504183179215,30,82.52311756935269
LightGBM,CODE_GENDER,245.0,Split importance,1.078819903126376,31,83.60193747247907
LightGBM,BUREAU_ACTIVE_COUNT,234.0,Split importance,1.0303830911492733,32,84.63232056362834
LightGBM,BUREAU_BALANCE_CREDIT_COUNT,212.0,Split importance,0.9335094671950683,33,85.5658300308234
LightGBM,OBS_30_CNT_SOCIAL_CIRCLE,210.0,Split importance,0.9247027741083224,34,86.49053280493173
LightGBM,FLAG_OWN_CAR,179.0,Split importance,0.7881990312637606,35,87.27873183619549
LightGBM,FLOORSMAX_MEDI,174.0,Split importance,0.7661822985468956,36,88.04491413474238
LightGBM,AMT_REQ_CREDIT_BUREAU_YEAR,168.0,Split importance,0.7397622192866579,37,88.78467635402905
LightGBM,AMT_REQ_CREDIT_BUREAU_QRT,161.0,Split importance,0.7089387934830471,38,89.49361514751209
LightGBM,PREVIOUS_CANCELED_COUNT,145.0,Split importance,0.6384852487890798,39,90.13210039630117
LightGBM,BUREAU_MAX_OVERDUE_RATIO,129.0,Split importance,0.5680317040951123,40,90.70013210039627
LightGBM,REGION_RATING_CLIENT,129.0,Split importance,0.5680317040951123,41,91.26816380449138
LightGBM,FLAG_DOCUMENT_3,124.0,Split importance,0.5460149713782475,42,91.81417877586962
LightGBM,NAME_CONTRACT_TYPE,118.0,Split importance,0.5195948921180097,43,92.33377366798763
LightGBM,DEF_30_CNT_SOCIAL_CIRCLE,117.0,Split importance,0.5151915455746366,44,92.84896521356227
LightGBM,CNT_CHILDREN,116.0,Split importance,0.5107881990312637,45,93.35975341259353
LightGBM,PREVIOUS_REFUSED_COUNT,103.0,Split importance,0.4535446939674152,46,93.81329810656095
LightGBM,NAME_INCOME_TYPE_Working,92.0,Split importance,0.40510788199031267,47,94.21840598855127
LightGBM,AMT_REQ_CREDIT_BUREAU_MON,90.0,Split importance,0.3963011889035667,48,94.61470717745483
LightGBM,BUREAU_TOTAL_OVERDUE_MONTHS,83.0,Split importance,0.36547776309995594,49,94.98018494055479
LightGBM,FLAG_PHONE,81.0,Split importance,0.3566710700132101,50,95.336856010568
LightGBM,REG_CITY_NOT_LIVE_CITY,80.0,Split importance,0.3522677234698371,51,95.68912373403784
LightGBM,FLAG_WORK_PHONE,70.0,Split importance,0.30823425803610743,52,95.99735799207394
LightGBM,WALLSMATERIAL_MODE_Panel,66.0,Split importance,0.2906208718626156,53,96.28797886393656
LightGBM,AGE_GROUP,61.0,Split importance,0.26860413914575076,54,96.55658300308231
LightGBM,NAME_INCOME_TYPE_State_servant,49.0,Split importance,0.2157639806252752,55,96.77234698370758
LightGBM,FLAG_DOCUMENT_16,46.0,Split importance,0.20255394099515633,56,96.97490092470274
LightGBM,FLAG_DOCUMENT_18,45.0,Split importance,0.19815059445178335,57,97.17305151915453
LightGBM,FLAG_DOCUMENT_13,43.0,Split importance,0.18934390136503743,58,97.36239542051956
LightGBM,FLAG_OWN_REALTY,42.0,Split importance,0.18494055482166447,59,97.54733597534123
LightGBM,WALLSMATERIAL_MODE_Stone_brick,38.0,Split importance,0.1673271686481726,60,97.7146631439894
LightGBM,FLAG_EMAIL,34.0,Split importance,0.14971378247468076,61,97.86437692646408
LightGBM,BUREAU_OVERDUE_COUNT,33.0,Split importance,0.1453104359313078,62,98.00968736239538
LightGBM,BUREAU_MAX_OVERDUE_DAYS,30.0,Split importance,0.13210039630118892,63,98.14178775869657
LightGBM,BUREAU_TOTAL_SEVERE_OVERDUE_MONTHS,30.0,Split importance,0.13210039630118892,64,98.27388815499775
LightGBM,CREDIT_GROUP,29.0,Split importance,0.12769704975781593,65,98.40158520475556
LightGBM,AMT_REQ_CREDIT_BUREAU_WEEK,29.0,Split importance,0.12769704975781593,66,98.52928225451338
LightGBM,EMERGENCYSTATE_MODE_No,25.0,Split importance,0.11008366358432409,67,98.6393659180977
LightGBM,FLAG_DOCUMENT_11,25.0,Split importance,0.11008366358432409,68,98.74944958168201
LightGBM,HAS_BUREAU_HISTORY,23.0,Split importance,0.10127697049757817,69,98.8507265521796
LightGBM,FLAG_DOCUMENT_15,20.0,Split importance,0.08806693086745927,70,98.93879348304705
LightGBM,DEBT_INCOME_GROUP,20.0,Split importance,0.08806693086745927,71,99.0268604139145
LightGBM,FLAG_DOCUMENT_8,18.0,Split importance,0.07926023778071334,72,99.10612065169522
LightGBM,AMT_REQ_CREDIT_BUREAU_DAY,18.0,Split importance,0.07926023778071334,73,99.18538088947594
LightGBM,INCOME_GROUP,18.0,Split importance,0.07926023778071334,74,99.26464112725665
LightGBM,LIVE_CITY_NOT_WORK_CITY,16.0,Split importance,0.07045354469396742,75,99.33509467195061
LightGBM,FLAG_DOCUMENT_14,16.0,Split importance,0.07045354469396742,76,99.40554821664458
LightGBM,REG_REGION_NOT_LIVE_REGION,14.0,Split importance,0.06164685160722149,77,99.4671950682518
LightGBM,NAME_INCOME_TYPE_Pensioner,13.0,Split importance,0.057243505063848524,78,99.52443857331565
LightGBM,LIVE_REGION_NOT_WORK_REGION,13.0,Split importance,0.057243505063848524,79,99.5816820783795
LightGBM,FLAG_DOCUMENT_5,11.0,Split importance,0.048436811977102597,80,99.6301188903566
LightGBM,BUREAU_DEBT_INCOME_GROUP,11.0,Split importance,0.048436811977102597,81,99.6785557023337
LightGBM,HAS_BUREAU_BALANCE_HISTORY,11.0,Split importance,0.048436811977102597,82,99.7269925143108
LightGBM,FLAG_DOCUMENT_6,10.0,Split importance,0.044033465433729636,83,99.77102597974452
LightGBM,WALLSMATERIAL_MODE_Missing,10.0,Split importance,0.044033465433729636,84,99.81505944517825
LightGBM,WALLSMATERIAL_MODE_Wooden,7.0,Split importance,0.030823425803610745,85,99.84588287098185
LightGBM,WALLSMATERIAL_MODE_Monolithic,7.0,Split importance,0.030823425803610745,86,99.87670629678546
LightGBM,BUREAU_OVERDUE_RATIO,7.0,Split importance,0.030823425803610745,87,99.90752972258906
LightGBM,WALLSMATERIAL_MODE_Others,5.0,Split importance,0.022016732716864818,88,99.92954645530592
LightGBM,FLAG_DOCUMENT_17,5.0,Split importance,0.022016732716864818,89,99.95156318802279
LightGBM,FLAG_DOCUMENT_9,3.0,Split importance,0.01321003963011889,90,99.96477322765291
LightGBM,FLAG_EMP_PHONE,3.0,Split importance,0.01321003963011889,91,99.97798326728304
LightGBM,EMERGENCYSTATE_MODE_Yes,3.0,Split importance,0.01321003963011889,92,99.99119330691316
LightGBM,FLAG_DOCUMENT_21,2.0,Split importance,0.008806693086745927,93,99.9999999999999
LightGBM,FLAG_DOCUMENT_7,0.0,Split importance,0.0,94,99.9999999999999
LightGBM,FLAG_MOBIL,0.0,Split importance,0.0,95,99.9999999999999
LightGBM,FLAG_CONT_MOBILE,0.0,Split importance,0.0,96,99.9999999999999
LightGBM,FLAG_DOCUMENT_4,0.0,Split importance,0.0,97,99.9999999999999
LightGBM,FLAG_DOCUMENT_2,0.0,Split importance,0.0,98,99.9999999999999
LightGBM,AMT_REQ_CREDIT_BUREAU_HOUR,0.0,Split importance,0.0,99,99.9999999999999
LightGBM,OVERDUE_SEVERITY,0.0,Split importance,0.0,100,99.9999999999999
LightGBM,HAS_BUREAU_OVERDUE,0.0,Split importance,0.0,101,99.9999999999999
LightGBM,FLAG_DOCUMENT_20,0.0,Split importance,0.0,102,99.9999999999999
LightGBM,FLAG_DOCUMENT_12,0.0,Split importance,0.0,103,99.9999999999999
LightGBM,FLAG_DOCUMENT_10,0.0,Split importance,0.0,104,99.9999999999999
LightGBM,FLAG_DOCUMENT_19,0.0,Split importance,0.0,105,99.9999999999999
LightGBM,NAME_INCOME_TYPE_Other,0.0,Split importance,0.0,106,99.9999999999999
LightGBM,WALLSMATERIAL_MODE_Mixed,0.0,Split importance,0.0,107,99.9999999999999
XGBoost,EXT_SOURCE_3,0.037251949310302734,XGBoost feature_importances_,3.725195236333814,1,3.725195236333814
XGBoost,EXT_SOURCE_2,0.03381095081567764,XGBoost feature_importances_,3.3810953586701227,2,7.106290595003937
XGBoost,CODE_GENDER,0.027822349220514297,XGBoost feature_importances_,2.7822351500733693,3,9.888525745077306
XGBoost,NAME_EDUCATION_TYPE,0.023185795173048973,XGBoost feature_importances_,2.318579707327312,4,12.207105452404619
XGBoost,HAS_BUREAU_HISTORY,0.01904083788394928,XGBoost feature_importances_,1.9040839444467679,5,14.111189396851387
XGBoost,FLAG_OWN_CAR,0.01727825403213501,XGBoost feature_importances_,1.7278255448198392,6,15.839014941671227
XGBoost,NAME_INCOME_TYPE_Pensioner,0.014996645972132683,XGBoost feature_importances_,1.4996647201203699,7,17.3386796617916
XGBoost,NAME_CONTRACT_TYPE,0.014865880832076073,XGBoost feature_importances_,1.486588205043005,8,18.825267866834604
XGBoost,PREVIOUS_REFUSAL_RATE,0.01485830545425415,XGBoost feature_importances_,1.4858306671987276,9,20.31109853403333
XGBoost,FLAG_DOCUMENT_3,0.014542682096362114,XGBoost feature_importances_,1.4542683288227887,10,21.76536686285612
XGBoost,REG_CITY_NOT_LIVE_CITY,0.014178755693137646,XGBoost feature_importances_,1.4178756855177324,11,23.18324254837385
XGBoost,AGE_GROUP,0.013695832341909409,XGBoost feature_importances_,1.369583346437043,12,24.552825894810894
XGBoost,FLAG_DOCUMENT_16,0.013692072592675686,XGBoost feature_importances_,1.3692073714828572,13,25.922033266293752
XGBoost,NAME_INCOME_TYPE_Working,0.013505862094461918,XGBoost feature_importances_,1.3505863201353663,14,27.27261958642912
XGBoost,FLAG_EMP_PHONE,0.013204207643866539,XGBoost feature_importances_,1.3204208726035773,15,28.593040459032697
XGBoost,FLAG_DOCUMENT_18,0.012689455412328243,XGBoost feature_importances_,1.2689456452310242,16,29.86198610426372
XGBoost,LATE_PAYMENT_RATE,0.012333161197602749,XGBoost feature_importances_,1.2333162208384159,17,31.095302325102136
XGBoost,DEF_30_CNT_SOCIAL_CIRCLE,0.011948931030929089,XGBoost feature_importances_,1.1948932010220379,18,32.29019552612417
XGBoost,REGION_RATING_CLIENT,0.011806170456111431,XGBoost feature_importances_,1.180617142370258,19,33.47081266849443
XGBoost,AGE_YEARS,0.011573453433811665,XGBoost feature_importances_,1.1573454382330166,20,34.62815810672745
XGBoost,UNDERPAYMENT_RATE,0.011496040038764477,XGBoost feature_importances_,1.1496040980938456,21,35.77776220482129
XGBoost,FLAG_DOCUMENT_13,0.01146247424185276,XGBoost feature_importances_,1.1462475181275806,22,36.924009722948874
XGBoost,BUREAU_CREDIT_COUNT,0.011421183124184608,XGBoost feature_importances_,1.1421184060223584,23,38.06612812897123
XGBoost,DAYS_EMPLOYED,0.010864158160984516,XGBoost feature_importances_,1.0864159051371736,24,39.1525440341084
XGBoost,EMERGENCYSTATE_MODE_Yes,0.010541878640651703,XGBoost feature_importances_,1.0541879504626055,25,40.20673198457101
XGBoost,AMT_CREDIT,0.010448542423546314,XGBoost feature_importances_,1.0448543279871165,26,41.251586312558125
XGBoost,NAME_INCOME_TYPE_State_servant,0.01018623635172844,XGBoost feature_importances_,1.0186237186555631,27,42.270210031213686
XGBoost,AMT_REQ_CREDIT_BUREAU_DAY,0.010070190764963627,XGBoost feature_importances_,1.0070191590280142,28,43.2772291902417
XGBoost,FLOORSMAX_MEDI,0.010067008435726166,XGBoost feature_importances_,1.0067009260781867,29,44.28393011631989
XGBoost,AMT_REQ_CREDIT_BUREAU_QRT,0.010000230744481087,XGBoost feature_importances_,1.000023156406393,30,45.28395327272628
XGBoost,BUREAU_ACTIVE_RATIO,0.009970515966415405,XGBoost feature_importances_,0.9970516783562934,31,46.28100495108257
XGBoost,PREVIOUS_APPROVAL_RATE,0.00990356970578432,XGBoost feature_importances_,0.9903570517445174,32,47.27136200282709
XGBoost,FLAG_DOCUMENT_11,0.009585167281329632,XGBoost feature_importances_,0.9585168066895371,33,48.22987880951663
XGBoost,BUREAU_ACTIVE_COUNT,0.009530685842037201,XGBoost feature_importances_,0.9530686623137838,34,49.18294747183041
XGBoost,AMT_ANNUITY,0.009505904279649258,XGBoost feature_importances_,0.9505905058718888,35,50.1335379777023
XGBoost,DAYS_LAST_PHONE_CHANGE,0.00931707862764597,XGBoost feature_importances_,0.931707939124013,36,51.065245916826306
XGBoost,BUREAU_DEBT_INCOME_RATIO,0.00929899513721466,XGBoost feature_importances_,0.9298995899326763,37,51.99514550675898
XGBoost,WALLSMATERIAL_MODE_Wooden,0.00917116180062294,XGBoost feature_importances_,0.9171162552258284,38,52.91226176198481
XGBoost,BUREAU_DEBT_INCOME_GROUP,0.009103824384510517,XGBoost feature_importances_,0.9103825130627128,39,53.82264427504752
XGBoost,AVG_PAYMENT_DELAY,0.009103115648031235,XGBoost feature_importances_,0.9103116394089761,40,54.7329559144565
XGBoost,BUREAU_MAX_OVERDUE_RATIO,0.009097892791032791,XGBoost feature_importances_,0.9097893536663271,41,55.64274526812282
XGBoost,DAYS_ID_PUBLISH,0.009011991322040558,XGBoost feature_importances_,0.9011992060630863,42,56.543944474185906
XGBoost,AMT_REQ_CREDIT_BUREAU_WEEK,0.009010037407279015,XGBoost feature_importances_,0.9010038145709184,43,57.44494828875683
XGBoost,FLAG_DOCUMENT_5,0.00890408456325531,XGBoost feature_importances_,0.8904085293001965,44,58.33535681805702
XGBoost,FLAG_DOCUMENT_21,0.008891560137271881,XGBoost feature_importances_,0.889156086599208,45,59.22451290465623
XGBoost,CREDIT_INCOME_RATIO,0.00887121632695198,XGBoost feature_importances_,0.8871217054004874,46,60.11163461005672
XGBoost,WALLSMATERIAL_MODE_Panel,0.008840609341859818,XGBoost feature_importances_,0.8840610066404273,47,60.99569561669715
XGBoost,FLAG_WORK_PHONE,0.008816670626401901,XGBoost feature_importances_,0.8816671348984426,48,61.87736275159559
XGBoost,YEARS_BEGINEXPLUATATION_MEDI,0.008768228814005852,XGBoost feature_importances_,0.8768229532618261,49,62.75418570485742
XGBoost,FLAG_DOCUMENT_14,0.008766674436628819,XGBoost feature_importances_,0.8766675155113837,50,63.630853220368806
XGBoost,PREVIOUS_REFUSED_COUNT,0.008680630475282669,XGBoost feature_importances_,0.8680631186715835,51,64.49891633904039
XGBoost,TOTALAREA_MODE,0.008677365258336067,XGBoost feature_importances_,0.8677365969501628,52,65.36665293599056
XGBoost,PREVIOUS_AVG_CREDIT,0.008672349154949188,XGBoost feature_importances_,0.8672349865703647,53,66.23388792256092
XGBoost,PREVIOUS_APP_COUNT,0.008628199808299541,XGBoost feature_importances_,0.8628200515435678,54,67.09670797410449
XGBoost,OCCUPATION_TYPE,0.00857437402009964,XGBoost feature_importances_,0.8574374722824409,55,67.95414544638693
XGBoost,LATE_PAYMENT_COUNT,0.008570226840674877,XGBoost feature_importances_,0.8570227543059759,56,68.8111682006929
XGBoost,CREDIT_GROUP,0.008513130247592926,XGBoost feature_importances_,0.8513130945298377,57,69.66248129522275
XGBoost,BUREAU_TOTAL_DEBT,0.008447173051536083,XGBoost feature_importances_,0.8447173743835921,58,70.50719866960634
XGBoost,FLAG_DOCUMENT_15,0.00840072613209486,XGBoost feature_importances_,0.8400726820588076,59,71.34727135166514
XGBoost,ORGANIZATION_TYPE,0.008383085019886494,XGBoost feature_importances_,0.8383085706933906,60,72.18557992235853
XGBoost,WALLSMATERIAL_MODE_Monolithic,0.008355815894901752,XGBoost feature_importances_,0.8355816579714286,61,73.02116158032996
XGBoost,AMT_INCOME_TOTAL,0.008351675234735012,XGBoost feature_importances_,0.8351675919208191,62,73.85632917225078
XGBoost,BUREAU_BALANCE_CREDIT_COUNT,0.008319220505654812,XGBoost feature_importances_,0.8319221187468119,63,74.6882512909976
XGBoost,DAYS_REGISTRATION,0.008283276110887527,XGBoost feature_importances_,0.8283276789754962,64,75.5165789699731
XGBoost,FLAG_PHONE,0.008267886936664581,XGBoost feature_importances_,0.8267887614270775,65,76.34336773140018
XGBoost,BUREAU_TOTAL_SEVERE_OVERDUE_MONTHS,0.008181990124285221,XGBoost feature_importances_,0.8181990794851622,66,77.16156681088535
XGBoost,EMERGENCYSTATE_MODE_No,0.008158914744853973,XGBoost feature_importances_,0.81589154135292,67,77.97745835223827
XGBoost,REG_REGION_NOT_LIVE_REGION,0.008103848434984684,XGBoost feature_importances_,0.8103849099146873,68,78.78784326215296
XGBoost,REGION_POPULATION_RELATIVE,0.008061368018388748,XGBoost feature_importances_,0.8061368679069395,69,79.5939801300599
XGBoost,BUREAU_TOTAL_OVERDUE_MONTHS,0.008023849688470364,XGBoost feature_importances_,0.8023850346076145,70,80.39636516466751
XGBoost,OBS_30_CNT_SOCIAL_CIRCLE,0.008016331121325493,XGBoost feature_importances_,0.8016331778315079,71,81.19799834249902
XGBoost,FLAG_EMAIL,0.007988948374986649,XGBoost feature_importances_,0.7988949029732043,72,81.99689324547222
XGBoost,AMT_REQ_CREDIT_BUREAU_MON,0.007985232397913933,XGBoost feature_importances_,0.798523305235478,73,82.7954165507077
XGBoost,HOUR_APPR_PROCESS_START,0.007936731912195683,XGBoost feature_importances_,0.7936732562661605,74,83.58908980697386
XGBoost,LIVE_REGION_NOT_WORK_REGION,0.007924840785562992,XGBoost feature_importances_,0.7924841435054361,75,84.3815739504793
XGBoost,PREVIOUS_CANCELED_COUNT,0.007811225950717926,XGBoost feature_importances_,0.7811226590897832,76,85.16269660956908
XGBoost,BUREAU_MAX_OVERDUE_DAYS,0.007778121158480644,XGBoost feature_importances_,0.77781217959474,77,85.94050878916383
XGBoost,BUREAU_OVERDUE_COUNT,0.007759445812553167,XGBoost feature_importances_,0.775944644848936,78,86.71645343401276
XGBoost,FLAG_DOCUMENT_9,0.007711080368608236,XGBoost feature_importances_,0.7711081000580572,79,87.48756153407082
XGBoost,WALLSMATERIAL_MODE_Others,0.007708883378654718,XGBoost feature_importances_,0.7708884010446997,80,88.25844993511552
XGBoost,AMT_REQ_CREDIT_BUREAU_HOUR,0.007627733051776886,XGBoost feature_importances_,0.7627733676918376,81,89.02122330280736
XGBoost,DEBT_INCOME_GROUP,0.007495193742215633,XGBoost feature_importances_,0.749519435649468,82,89.77074273845683
XGBoost,AMT_REQ_CREDIT_BUREAU_YEAR,0.0074844458140432835,XGBoost feature_importances_,0.7484446427441468,83,90.51918738120098
XGBoost,FLAG_DOCUMENT_8,0.007428312208503485,XGBoost feature_importances_,0.7428312817301161,84,91.2620186629311
XGBoost,CNT_CHILDREN,0.0073907882906496525,XGBoost feature_importances_,0.7390788896372004,85,92.0010975525683
XGBoost,FLAG_DOCUMENT_6,0.006928160786628723,XGBoost feature_importances_,0.6928161354435793,86,92.69391368801188
XGBoost,WALLSMATERIAL_MODE_Stone_brick,0.006911919917911291,XGBoost feature_importances_,0.6911920484387318,87,93.38510573645061
XGBoost,WALLSMATERIAL_MODE_Mixed,0.0068789818324148655,XGBoost feature_importances_,0.6878982396191405,88,94.07300397606976
XGBoost,BUREAU_OVERDUE_RATIO,0.006846236996352673,XGBoost feature_importances_,0.6846237557445565,89,94.75762773181431
XGBoost,FLAG_OWN_REALTY,0.006696970202028751,XGBoost feature_importances_,0.6696970750888275,90,95.42732480690314
XGBoost,LIVE_CITY_NOT_WORK_CITY,0.006564844865351915,XGBoost feature_importances_,0.6564845403382923,91,96.08380934724144
XGBoost,INCOME_GROUP,0.006392537150532007,XGBoost feature_importances_,0.6392537674441297,92,96.72306311468557
XGBoost,OVERDUE_SEVERITY,0.006383495405316353,XGBoost feature_importances_,0.6383495928484613,93,97.36141270753403
XGBoost,WALLSMATERIAL_MODE_Missing,0.006121381185948849,XGBoost feature_importances_,0.6121381687635172,94,97.97355087629755
XGBoost,FLAG_DOCUMENT_19,0.006056868936866522,XGBoost feature_importances_,0.6056869433265655,95,98.57923781962411
XGBoost,FLAG_CONT_MOBILE,0.005079698283225298,XGBoost feature_importances_,0.5079698699539048,96,99.08720768957802
XGBoost,HAS_BUREAU_BALANCE_HISTORY,0.0046997093595564365,XGBoost feature_importances_,0.4699709744727665,97,99.5571786640508
XGBoost,FLAG_DOCUMENT_17,0.004428212996572256,XGBoost feature_importances_,0.44282133594926215,98,100.00000000000006
XGBoost,FLAG_MOBIL,0.0,XGBoost feature_importances_,0.0,99,100.00000000000006
XGBoost,FLAG_DOCUMENT_7,0.0,XGBoost feature_importances_,0.0,100,100.00000000000006
XGBoost,FLAG_DOCUMENT_4,0.0,XGBoost feature_importances_,0.0,101,100.00000000000006
XGBoost,FLAG_DOCUMENT_2,0.0,XGBoost feature_importances_,0.0,102,100.00000000000006
XGBoost,FLAG_DOCUMENT_20,0.0,XGBoost feature_importances_,0.0,103,100.00000000000006
XGBoost,HAS_BUREAU_OVERDUE,0.0,XGBoost feature_importances_,0.0,104,100.00000000000006
XGBoost,FLAG_DOCUMENT_12,0.0,XGBoost feature_importances_,0.0,105,100.00000000000006
XGBoost,FLAG_DOCUMENT_10,0.0,XGBoost feature_importances_,0.0,106,100.00000000000006
XGBoost,NAME_INCOME_TYPE_Other,0.0,XGBoost feature_importances_,0.0,107,100.00000000000006
CatBoost,EXT_SOURCE_3,8.204420415375674,PredictionValuesChange,8.20442041537567,1,8.20442041537567
CatBoost,EXT_SOURCE_2,7.546022230345951,PredictionValuesChange,7.546022230345947,2,15.750442645721618
CatBoost,AMT_CREDIT,4.634819652231551,PredictionValuesChange,4.634819652231549,3,20.38526229795317
CatBoost,AGE_YEARS,3.974449671564791,PredictionValuesChange,3.9744496715647895,4,24.35971196951796
CatBoost,PREVIOUS_AVG_CREDIT,3.699700129864154,PredictionValuesChange,3.6997001298641523,5,28.05941209938211
CatBoost,AMT_ANNUITY,3.5554044415147126,PredictionValuesChange,3.5554044415147112,6,31.614816540896822
CatBoost,DAYS_LAST_PHONE_CHANGE,3.396145421120538,PredictionValuesChange,3.396145421120537,7,35.01096196201736
CatBoost,DAYS_EMPLOYED,3.2366981722487953,PredictionValuesChange,3.236698172248794,8,38.247660134266155
CatBoost,AVG_PAYMENT_DELAY,2.6808188594789364,PredictionValuesChange,2.6808188594789355,9,40.92847899374509
CatBoost,DAYS_ID_PUBLISH,2.6257448001825647,PredictionValuesChange,2.6257448001825634,10,43.554223793927655
CatBoost,LATE_PAYMENT_RATE,2.5892134895142203,PredictionValuesChange,2.589213489514219,11,46.14343728344188
CatBoost,BUREAU_CREDIT_COUNT,2.3588425130404977,PredictionValuesChange,2.358842513040497,12,48.50227979648238
CatBoost,DAYS_REGISTRATION,2.339934232284436,PredictionValuesChange,2.339934232284435,13,50.84221402876681
CatBoost,PREVIOUS_APPROVAL_RATE,2.0471669702369164,PredictionValuesChange,2.0471669702369155,14,52.88938099900373
CatBoost,CREDIT_INCOME_RATIO,2.0163498613600304,PredictionValuesChange,2.0163498613600295,15,54.905730860363754
CatBoost,CODE_GENDER,2.016071535094196,PredictionValuesChange,2.016071535094195,16,56.921802395457945
CatBoost,BUREAU_DEBT_INCOME_RATIO,1.9551502440341637,PredictionValuesChange,1.955150244034163,17,58.87695263949211
CatBoost,NAME_EDUCATION_TYPE,1.9294400163745715,PredictionValuesChange,1.9294400163745709,18,60.80639265586668
CatBoost,BUREAU_ACTIVE_RATIO,1.905885758451829,PredictionValuesChange,1.9058857584518283,19,62.71227841431851
CatBoost,AMT_INCOME_TOTAL,1.8699304470975988,PredictionValuesChange,1.8699304470975981,20,64.5822088614161
CatBoost,REGION_POPULATION_RELATIVE,1.833734044106038,PredictionValuesChange,1.8337340441060372,21,66.41594290552214
CatBoost,PREVIOUS_APP_COUNT,1.7212655681666993,PredictionValuesChange,1.7212655681666986,22,68.13720847368884
CatBoost,NAME_FAMILY_STATUS,1.670628196709693,PredictionValuesChange,1.6706281967096923,23,69.80783667039853
CatBoost,UNDERPAYMENT_RATE,1.537501007746321,PredictionValuesChange,1.5375010077463203,24,71.34533767814484
CatBoost,PREVIOUS_REFUSAL_RATE,1.3389046756234733,PredictionValuesChange,1.3389046756234728,25,72.68424235376831
CatBoost,OCCUPATION_TYPE,1.3303345643639855,PredictionValuesChange,1.330334564363985,26,74.01457691813229
CatBoost,TOTALAREA_MODE,1.2862944861762784,PredictionValuesChange,1.286294486176278,27,75.30087140430857
CatBoost,ORGANIZATION_TYPE,1.2342027220380738,PredictionValuesChange,1.2342027220380734,28,76.53507412634664
CatBoost,HOUR_APPR_PROCESS_START,1.223310353761365,PredictionValuesChange,1.2233103537613645,29,77.758384480108
CatBoost,FLAG_OWN_CAR,1.210825070289434,PredictionValuesChange,1.2108250702894336,30,78.96920955039744
CatBoost,REGION_RATING_CLIENT,1.1448722590658378,PredictionValuesChange,1.1448722590658373,31,80.11408180946327
CatBoost,YEARS_BEGINEXPLUATATION_MEDI,1.1379687176801148,PredictionValuesChange,1.1379687176801143,32,81.25205052714338
CatBoost,BUREAU_ACTIVE_COUNT,1.0727045801263313,PredictionValuesChange,1.0727045801263309,33,82.32475510726971
CatBoost,BUREAU_TOTAL_DEBT,1.0548454689699776,PredictionValuesChange,1.054845468969977,34,83.37960057623968
CatBoost,DEF_30_CNT_SOCIAL_CIRCLE,0.9851749427128612,PredictionValuesChange,0.9851749427128609,35,84.36477551895254
CatBoost,NAME_CONTRACT_TYPE,0.9830293308981845,PredictionValuesChange,0.983029330898184,36,85.34780484985073
CatBoost,WEEKDAY_APPR_PROCESS_START,0.9498646547176197,PredictionValuesChange,0.9498646547176193,37,86.29766950456835
CatBoost,LATE_PAYMENT_COUNT,0.9487328303321256,PredictionValuesChange,0.9487328303321252,38,87.24640233490047
CatBoost,FLAG_DOCUMENT_3,0.8736392446911942,PredictionValuesChange,0.8736392446911939,39,88.12004157959166
CatBoost,OBS_30_CNT_SOCIAL_CIRCLE,0.8057157576211991,PredictionValuesChange,0.8057157576211986,40,88.92575733721286
CatBoost,AMT_REQ_CREDIT_BUREAU_QRT,0.7891157302412178,PredictionValuesChange,0.7891157302412175,41,89.71487306745408
CatBoost,NAME_INCOME_TYPE,0.7032566982598795,PredictionValuesChange,0.7032566982598792,42,90.41812976571396
CatBoost,FLOORSMAX_MEDI,0.6329676081479265,PredictionValuesChange,0.6329676081479263,43,91.05109737386188
CatBoost,FLAG_WORK_PHONE,0.5949296886008657,PredictionValuesChange,0.5949296886008654,44,91.64602706246275
CatBoost,AGE_GROUP,0.5808152184209526,PredictionValuesChange,0.5808152184209524,45,92.2268422808837
CatBoost,FLAG_PHONE,0.4982235952473018,PredictionValuesChange,0.4982235952473016,46,92.725065876131
CatBoost,REG_CITY_NOT_LIVE_CITY,0.46704930524870186,PredictionValuesChange,0.4670493052487017,47,93.1921151813797
CatBoost,AMT_REQ_CREDIT_BUREAU_YEAR,0.4658268323884128,PredictionValuesChange,0.4658268323884126,48,93.65794201376812
CatBoost,BUREAU_BALANCE_CREDIT_COUNT,0.46008733690420484,PredictionValuesChange,0.4600873369042046,49,94.11802935067233
CatBoost,PREVIOUS_CANCELED_COUNT,0.40560471584169816,PredictionValuesChange,0.405604715841698,50,94.52363406651403
CatBoost,NAME_HOUSING_TYPE,0.36241985920339687,PredictionValuesChange,0.3624198592033967,51,94.88605392571743
CatBoost,BUREAU_MAX_OVERDUE_RATIO,0.33403653944982975,PredictionValuesChange,0.3340365394498296,52,95.22009046516726
CatBoost,WALLSMATERIAL_MODE,0.3336909096343228,PredictionValuesChange,0.3336909096343227,53,95.55378137480159
CatBoost,NAME_TYPE_SUITE,0.30345722750964715,PredictionValuesChange,0.303457227509647,54,95.85723860231124
CatBoost,DEBT_INCOME_GROUP,0.29784998344191205,PredictionValuesChange,0.29784998344191194,55,96.15508858575315
CatBoost,FLAG_DOCUMENT_16,0.25413761836960513,PredictionValuesChange,0.254137618369605,56,96.40922620412276
CatBoost,CNT_CHILDREN,0.250169231223071,PredictionValuesChange,0.2501692312230709,57,96.65939543534583
CatBoost,AMT_REQ_CREDIT_BUREAU_MON,0.24944473735595601,PredictionValuesChange,0.2494447373559559,58,96.90884017270179
CatBoost,HAS_BUREAU_HISTORY,0.24523432443520132,PredictionValuesChange,0.2452343244352012,59,97.15407449713699
CatBoost,FLAG_DOCUMENT_18,0.2298036545361069,PredictionValuesChange,0.22980365453610682,60,97.3838781516731
CatBoost,FLAG_OWN_REALTY,0.21852325272682524,PredictionValuesChange,0.21852325272682513,61,97.60240140439993
CatBoost,EMERGENCYSTATE_MODE,0.19134924534109532,PredictionValuesChange,0.19134924534109524,62,97.79375064974103
CatBoost,FLAG_DOCUMENT_6,0.18759178994403902,PredictionValuesChange,0.18759178994403894,63,97.98134243968506
CatBoost,HOUSETYPE_MODE,0.1775978559237245,PredictionValuesChange,0.17759785592372443,64,98.15894029560879
CatBoost,HAS_BUREAU_BALANCE_HISTORY,0.17249117730563765,PredictionValuesChange,0.1724911773056376,65,98.33143147291442
CatBoost,FONDKAPREMONT_MODE,0.14548746645345423,PredictionValuesChange,0.14548746645345417,66,98.47691893936788
CatBoost,BUREAU_DEBT_INCOME_GROUP,0.13433416018389963,PredictionValuesChange,0.13433416018389957,67,98.61125309955177
CatBoost,BUREAU_TOTAL_OVERDUE_MONTHS,0.13349133602507535,PredictionValuesChange,0.1334913360250753,68,98.74474443557685
CatBoost,FLAG_DOCUMENT_13,0.1246821217294452,PredictionValuesChange,0.12468212172944515,69,98.8694265573063
CatBoost,CREDIT_GROUP,0.12244232881586022,PredictionValuesChange,0.12244232881586017,70,98.99186888612216
CatBoost,INCOME_GROUP,0.12071358491283363,PredictionValuesChange,0.12071358491283359,71,99.112582471035
CatBoost,PREVIOUS_REFUSED_COUNT,0.11271352723324189,PredictionValuesChange,0.11271352723324184,72,99.22529599826824
CatBoost,AMT_REQ_CREDIT_BUREAU_WEEK,0.1042185714571262,PredictionValuesChange,0.10421857145712615,73,99.32951456972536
CatBoost,FLAG_EMAIL,0.10353642123658105,PredictionValuesChange,0.10353642123658101,74,99.43305099096195
CatBoost,AMT_REQ_CREDIT_BUREAU_DAY,0.07879185839243848,PredictionValuesChange,0.07879185839243844,75,99.51184284935438
CatBoost,BUREAU_TOTAL_SEVERE_OVERDUE_MONTHS,0.07324413747047767,PredictionValuesChange,0.07324413747047764,76,99.58508698682486
CatBoost,FLAG_DOCUMENT_5,0.06921079748613596,PredictionValuesChange,0.06921079748613593,77,99.654297784311
CatBoost,LIVE_REGION_NOT_WORK_REGION,0.05512785222019343,PredictionValuesChange,0.0551278522201934,78,99.7094256365312
CatBoost,FLAG_DOCUMENT_11,0.05235939166817503,PredictionValuesChange,0.05235939166817501,79,99.76178502819937
CatBoost,BUREAU_OVERDUE_COUNT,0.03680566682011142,PredictionValuesChange,0.0368056668201114,80,99.79859069501948
CatBoost,FLAG_DOCUMENT_14,0.035847603705291775,PredictionValuesChange,0.03584760370529176,81,99.83443829872478
CatBoost,FLAG_EMP_PHONE,0.0327308983886561,PredictionValuesChange,0.03273089838865609,82,99.86716919711343
CatBoost,REG_REGION_NOT_LIVE_REGION,0.03270897688219193,PredictionValuesChange,0.03270897688219192,83,99.89987817399562
CatBoost,FLAG_DOCUMENT_15,0.02732456723621335,PredictionValuesChange,0.027324567236213338,84,99.92720274123182
CatBoost,OVERDUE_SEVERITY,0.025688788301299625,PredictionValuesChange,0.025688788301299614,85,99.95289152953312
CatBoost,FLAG_DOCUMENT_8,0.020892641696951077,PredictionValuesChange,0.02089264169695107,86,99.97378417123006
CatBoost,BUREAU_OVERDUE_RATIO,0.011199644381459992,PredictionValuesChange,0.011199644381459987,87,99.98498381561153
CatBoost,LIVE_CITY_NOT_WORK_CITY,0.008246798535598052,PredictionValuesChange,0.008246798535598048,88,99.99323061414712
CatBoost,FLAG_DOCUMENT_2,0.003791941439963583,PredictionValuesChange,0.0037919414399635817,89,99.99702255558708
CatBoost,FLAG_CONT_MOBILE,0.0029774444128694024,PredictionValuesChange,0.002977444412869401,90,99.99999999999994
CatBoost,FLAG_MOBIL,0.0,PredictionValuesChange,0.0,91,99.99999999999994
CatBoost,FLAG_DOCUMENT_4,0.0,PredictionValuesChange,0.0,92,99.99999999999994
CatBoost,AMT_REQ_CREDIT_BUREAU_HOUR,0.0,PredictionValuesChange,0.0,93,99.99999999999994
CatBoost,FLAG_DOCUMENT_20,0.0,PredictionValuesChange,0.0,94,99.99999999999994
CatBoost,FLAG_DOCUMENT_21,0.0,PredictionValuesChange,0.0,95,99.99999999999994
CatBoost,FLAG_DOCUMENT_12,0.0,PredictionValuesChange,0.0,96,99.99999999999994
CatBoost,FLAG_DOCUMENT_10,0.0,PredictionValuesChange,0.0,97,99.99999999999994
CatBoost,FLAG_DOCUMENT_7,0.0,PredictionValuesChange,0.0,98,99.99999999999994
CatBoost,FLAG_DOCUMENT_9,0.0,PredictionValuesChange,0.0,99,99.99999999999994
CatBoost,FLAG_DOCUMENT_17,0.0,PredictionValuesChange,0.0,100,99.99999999999994
CatBoost,FLAG_DOCUMENT_19,0.0,PredictionValuesChange,0.0,101,99.99999999999994
CatBoost,HAS_BUREAU_OVERDUE,0.0,PredictionValuesChange,0.0,102,99.99999999999994
CatBoost,BUREAU_MAX_OVERDUE_DAYS,0.0,PredictionValuesChange,0.0,103,99.99999999999994
