Model,Group,Accuracy,Precision,Recall,F1,ROC_AUC,PR_AUC
CatBoost,Boosting,0.7396,0.184,0.6481,0.2867,0.7654,0.2578
LightGBM,Boosting,0.7293,0.1806,0.6655,0.2841,0.7647,0.2544
XGBoost,Boosting,0.7702,0.1948,0.5893,0.2928,0.7609,0.2495
DCN,Neural Network,0.8616,0.2583,0.3819,0.3082,0.7546,0.2442
Logistic Regression (107),Original,0.6931,0.1634,0.6804,0.2636,0.7538,0.2384
MLP,Neural Network,0.8496,0.2449,0.4143,0.3078,0.7515,0.2367
Logistic Regression (Top 40),Original,0.6864,0.1589,0.6719,0.257,0.7418,0.2196
Logistic Regression + SMOTE,SMOTE,0.686,0.1582,0.6687,0.2559,0.7399,0.2174
Random Forest (Top 40),Original,0.9191,0.3429,0.0024,0.0048,0.7332,0.2123
MLP + SMOTE,SMOTE,0.8094,0.1741,0.3635,0.2355,0.686,0.1623
DCN + SMOTE,SMOTE,0.8281,0.1516,0.2457,0.1875,0.649,0.1283
