Feature,OutlierCount,OutlierPct,Treatment
LATE_PAYMENT_RATE,147186,47.86365365791793,IQR audit only; no global deletion/capping
LATE_PAYMENT_COUNT,142724,46.41264865321891,IQR audit only; no global deletion/capping
YEARS_BEGINEXPLUATATION_MEDI,142141,46.2230619392477,IQR audit only; no global deletion/capping
YEARS_BEGINEXPLUATATION_AVG,142016,46.1824129868525,IQR audit only; no global deletion/capping
TOTALAREA_MODE,141917,46.1502190165555,IQR audit only; no global deletion/capping
YEARS_BEGINEXPLUATATION_MODE,141861,46.132008285882456,IQR audit only; no global deletion/capping
FLOORSMAX_AVG,92616,30.117947000269908,IQR audit only; no global deletion/capping
FLOORSMAX_MEDI,90884,29.554715115882036,IQR audit only; no global deletion/capping
FLOORSMAX_MODE,88941,28.92286779985106,IQR audit only; no global deletion/capping
REGION_RATING_CLIENT,80527,26.186705516225434,IQR audit only; no global deletion/capping
REGION_RATING_CLIENT_W_CITY,78027,25.373726468321458,IQR audit only; no global deletion/capping
DAYS_EMPLOYED,72217,23.484363160992615,IQR audit only; no global deletion/capping
REG_CITY_NOT_WORK_CITY,70867,23.045354475124466,IQR audit only; no global deletion/capping
FLAG_WORK_PHONE,61308,19.93684778755882,IQR audit only; no global deletion/capping
FLAG_EMP_PHONE,55386,18.011063018883878,IQR audit only; no global deletion/capping
LIVE_CITY_NOT_WORK_CITY,55215,17.955455252007248,IQR audit only; no global deletion/capping
AMT_REQ_CREDIT_BUREAU_QRT,50575,16.446566139097463,IQR audit only; no global deletion/capping
AMT_REQ_CREDIT_BUREAU_MON,43759,14.230060062892058,IQR audit only; no global deletion/capping
BUREAU_AVG_MONTHS_REPORTED,38372,12.478252810468568,IQR audit only; no global deletion/capping
BUREAU_BALANCE_CREDIT_COUNT,37752,12.276634006588383,IQR audit only; no global deletion/capping
DEF_30_CNT_SOCIAL_CIRCLE,35166,11.435688479436507,IQR audit only; no global deletion/capping
UNDERPAYMENT_RATE,34684,11.278946119000622,IQR audit only; no global deletion/capping
PREVIOUS_CANCELED_COUNT,34591,11.248703298418592,IQR audit only; no global deletion/capping
BUREAU_TOTAL_DEBT,33053,10.748558588148066,Negative aggregate debt was clipped to 0 earlier
BUREAU_MAX_OVERDUE_RATIO,31052,10.097850158205723,IQR audit only; no global deletion/capping
BUREAU_AVG_OVERDUE_RATIO,31052,10.097850158205723,IQR audit only; no global deletion/capping
BUREAU_TOTAL_OVERDUE_MONTHS,31052,10.097850158205723,IQR audit only; no global deletion/capping
PREVIOUS_REFUSED_COUNT,31021,10.087769218011713,IQR audit only; no global deletion/capping
BUREAU_DEBT_INCOME_RATIO,28259,9.189589965887398,IQR audit only; no global deletion/capping
FLAG_DOCUMENT_6,27078,8.80553866365756,IQR audit only; no global deletion/capping
DEF_60_CNT_SOCIAL_CIRCLE,25769,8.379862834175038,IQR audit only; no global deletion/capping
FLAG_DOCUMENT_8,25024,8.137595077899652,IQR audit only; no global deletion/capping
TARGET,24825,8.072881945686495,IQR audit only; no global deletion/capping
PREVIOUS_REFUSAL_RATE,24139,7.849800494941644,IQR audit only; no global deletion/capping
REG_CITY_NOT_LIVE_CITY,24039,7.817281333025486,IQR audit only; no global deletion/capping
PREVIOUS_AVG_APPLICATION,21664,7.044951237516707,IQR audit only; no global deletion/capping
OBS_30_CNT_SOCIAL_CIRCLE,19971,6.494401826276134,IQR audit only; no global deletion/capping
PREVIOUS_AVG_CREDIT,19924,6.479117820175538,IQR audit only; no global deletion/capping
AVG_PAYMENT_DELAY,19610,6.3770076517588,IQR audit only; no global deletion/capping
OBS_60_CNT_SOCIAL_CIRCLE,19564,6.362048837277366,IQR audit only; no global deletion/capping
PREVIOUS_UNUSED_COUNT,19033,6.18937208750256,IQR audit only; no global deletion/capping
FLAG_EMAIL,17442,5.6719922214164695,IQR audit only; no global deletion/capping
REG_REGION_NOT_WORK_REGION,15612,5.076891558350758,IQR audit only; no global deletion/capping
PREVIOUS_APP_COUNT,15426,5.016405917186702,IQR audit only; no global deletion/capping
AMT_GOODS_PRICE,14728,4.789422167011912,IQR audit only; no global deletion/capping
AMT_INCOME_TOTAL,14035,4.564064374932929,IQR audit only; no global deletion/capping
LIVE_REGION_NOT_WORK_REGION,12503,4.065870814377372,IQR audit only; no global deletion/capping
CREDIT_INCOME_RATIO,11510,3.742955536549912,IQR audit only; no global deletion/capping
AMT_REQ_CREDIT_BUREAU_WEEK,8536,2.7758356611633404,IQR audit only; no global deletion/capping
REGION_POPULATION_RELATIVE,8412,2.735511900387303,IQR audit only; no global deletion/capping
AMT_ANNUITY,7504,2.4402379101885785,IQR audit only; no global deletion/capping
AMT_REQ_CREDIT_BUREAU_YEAR,7233,2.3521109813957874,IQR audit only; no global deletion/capping
BUREAU_CREDIT_COUNT,7098,2.3082101128089727,IQR audit only; no global deletion/capping
PREVIOUS_APPROVED_COUNT,7052,2.2932512983275393,IQR audit only; no global deletion/capping
AMT_CREDIT,6562,2.13390740493836,IQR audit only; no global deletion/capping
REG_REGION_NOT_LIVE_REGION,4657,1.514417370435529,IQR audit only; no global deletion/capping
FLAG_DOCUMENT_5,4648,1.5114906458630748,IQR audit only; no global deletion/capping
EXT_SOURCE_3,4313,1.4025514534439418,IQR audit only; no global deletion/capping
CNT_CHILDREN,4272,1.3892185970583166,IQR audit only; no global deletion/capping
CNT_FAM_MEMBERS,4007,1.3030428179804951,IQR audit only; no global deletion/capping
BUREAU_AVG_SEVERE_OVERDUE_RATIO,3405,1.1072774632452174,IQR audit only; no global deletion/capping
BUREAU_TOTAL_SEVERE_OVERDUE_MONTHS,3405,1.1072774632452174,IQR audit only; no global deletion/capping
BUREAU_MAX_OVERDUE_DAYS,3397,1.1046759302919245,IQR audit only; no global deletion/capping
BUREAU_OVERDUE_COUNT,3334,1.0841888582847443,IQR audit only; no global deletion/capping
BUREAU_OVERDUE_RATIO,3334,1.0841888582847443,IQR audit only; no global deletion/capping
BUREAU_ACTIVE_COUNT,3298,1.0724819599949271,IQR audit only; no global deletion/capping
FLAG_DOCUMENT_16,3053,0.9928100133003372,IQR audit only; no global deletion/capping
FLAG_DOCUMENT_18,2500,0.8129790479039775,IQR audit only; no global deletion/capping
HOUR_APPR_PROCESS_START,2257,0.7339574844477108,IQR audit only; no global deletion/capping
AMT_REQ_CREDIT_BUREAU_HOUR,1626,0.5287615727567468,IQR audit only; no global deletion/capping
AMT_REQ_CREDIT_BUREAU_DAY,1489,0.48421032093160893,IQR audit only; no global deletion/capping
FLAG_DOCUMENT_11,1203,0.3912055178513939,IQR audit only; no global deletion/capping
FLAG_DOCUMENT_9,1198,0.389579559755586,IQR audit only; no global deletion/capping
FLAG_DOCUMENT_13,1084,0.3525077151711646,IQR audit only; no global deletion/capping
FLAG_DOCUMENT_14,903,0.2936480321029166,IQR audit only; no global deletion/capping
DAYS_REGISTRATION,659,0.21430127702748844,IQR audit only; no global deletion/capping
FLAG_CONT_MOBILE,574,0.18665998939875322,IQR audit only; no global deletion/capping
DAYS_LAST_PHONE_CHANGE,435,0.14145835433529208,IQR audit only; no global deletion/capping
FLAG_DOCUMENT_15,372,0.12097128232811183,IQR audit only; no global deletion/capping
FLAG_DOCUMENT_19,183,0.05951006630657115,IQR audit only; no global deletion/capping
FLAG_DOCUMENT_20,156,0.05072989258920819,IQR audit only; no global deletion/capping
FLAG_DOCUMENT_21,103,0.03349473677364387,IQR audit only; no global deletion/capping
FLAG_DOCUMENT_17,82,0.026665712771250457,IQR audit only; no global deletion/capping
FLAG_DOCUMENT_7,59,0.019186305530533868,IQR audit only; no global deletion/capping
FLAG_DOCUMENT_4,25,0.008129790479039774,IQR audit only; no global deletion/capping
FLAG_DOCUMENT_2,13,0.004227491049100683,IQR audit only; no global deletion/capping
FLAG_DOCUMENT_10,7,0.0022763413341311367,IQR audit only; no global deletion/capping
FLAG_DOCUMENT_12,2,0.0006503832383231819,IQR audit only; no global deletion/capping
FLAG_MOBIL,1,0.00032519161916159093,IQR audit only; no global deletion/capping
