Model,Threshold,Accuracy,BalancedAccuracy,Precision,Recall,F1,Specificity,PredictedPositiveRate,TN,FP,FN,TP
LightGBM,0.05,0.08651610490545177,0.5029646023704721,0.08117037109726379,0.9995971802618329,0.15014824227022447,0.006332024479111394,0.9941466269938052,358,56180,2,4963
LightGBM,0.1,0.1281726094662049,0.5234172583869747,0.08437975159311842,0.9947633434038268,0.155563954770229,0.05207117337012275,0.9517096726988927,2944,53594,26,4939
LightGBM,0.15,0.20208770303887616,0.5570981535932468,0.09040765159253412,0.9804632426988923,0.16555007651759904,0.13373306448760125,0.8754857486626668,7561,48977,97,4868
LightGBM,0.2,0.2921971285953531,0.5955453856716852,0.09887046783017495,0.95730110775428,0.17922998604773935,0.23378966358909054,0.7816366681300099,13218,43320,212,4753
LightGBM,0.25,0.3797538331463506,0.6255308490217899,0.10781486384266263,0.9186304128902316,0.19298060039349257,0.3324312851533482,0.6878363657057379,18795,37743,404,4561
LightGBM,0.3,0.4641562200217876,0.6533413454833308,0.11884855252049348,0.8789526686807654,0.20938489588331255,0.42773002228589624,0.59702778726241,24183,32355,601,4364
LightGBM,0.35,0.5413882249646359,0.6725668825362383,0.13077876274902298,0.8290030211480363,0.2259179976947143,0.5161307439244402,0.5117311350665821,29181,27357,849,4116
LightGBM,0.4,0.6130107474432142,0.6897518488487651,0.14585996841392795,0.7812688821752266,0.24582527963496942,0.5982348155223036,0.43240167146318065,33823,22715,1086,3879
LightGBM,0.45,0.6746174983334147,0.6999275091190706,0.162577925281428,0.730110775427996,0.26593793558799794,0.6697442428101454,0.3625351608864608,37866,18672,1340,3625
LightGBM,0.5,0.7292977578329513,0.7001810829259127,0.18062541001530724,0.6654582074521651,0.28412950939502085,0.7349039583996604,0.29741638619254346,41550,14988,1661,3304
LightGBM,0.55,0.775880851340585,0.6924479474756918,0.2001767865642211,0.5929506545820745,0.29930866205774703,0.7919452403693091,0.23912654667252004,44775,11763,2021,2944
LightGBM,0.6,0.8168544623839488,0.6781730363633196,0.22350978842946184,0.5127895266868077,0.31132306187331865,0.8435565460398317,0.18521047753768108,47693,8845,2419,2546
LightGBM,0.65,0.8504950978001073,0.6559596203457098,0.24940758293838863,0.42396777442094663,0.3140619171950765,0.8879514662704729,0.13722907825634523,50203,6335,2860,2105
LightGBM,0.7,0.8777783197567598,0.6282674038229401,0.28135709389993147,0.3307150050352467,0.3040459216739191,0.9258198026106336,0.09488968017820269,52344,4194,3323,1642
LightGBM,0.75,0.8994032811407574,0.6008046188543192,0.3326944140197152,0.24471299093655588,0.28200069629801555,0.9568962467720825,0.059379217273954114,54101,2437,3750,1215
LightGBM,0.8,0.9131587077053152,0.5663056870875498,0.40063424947145876,0.1526686807653575,0.2210879393320694,0.9799426934097422,0.03076272702144611,55404,1134,4207,758
LightGBM,0.85,0.9188657463863551,0.5309198989124658,0.4822190611664296,0.06827794561933535,0.11961891319689485,0.9935618522055962,0.01143033673154155,56174,364,4626,339
LightGBM,0.9,0.919434824317513,0.5055082542671886,0.5462962962962963,0.011883182275931522,0.02326039818647743,0.9991333262584456,0.001756011901858446,56489,49,4906,59
LightGBM,0.95,0.9193047493618197,0.5002014098690836,1.0,0.0004028197381671702,0.0008053150795248641,1.0,3.251873892330455e-05,56538,0,4963,2
CatBoost,0.05,0.08902004780254621,0.5042346569251235,0.08136160165281126,0.9993957703927493,0.15047307132459972,0.009073543457497613,0.9916101653577875,513,56025,3,4962
CatBoost,0.1,0.13051395866868282,0.5243232928707469,0.08453092615748274,0.9939577039274925,0.155810943074543,0.0546888818140012,0.9492382485407216,3092,53446,30,4935
CatBoost,0.15,0.20374615872396468,0.5577246177984296,0.09053352438729367,0.9798590130916415,0.16575244455044122,0.13559022250521774,0.8737297367608085,7666,48872,100,4865
CatBoost,0.2,0.29309139391574396,0.5945620030011631,0.09871629225190681,0.9540785498489426,0.17892013370852297,0.23504545615338357,0.7802221029868461,13289,43249,228,4737
CatBoost,0.25,0.38416012227045837,0.6297646937241579,0.10888218097116915,0.9226586102719033,0.19477868957013478,0.33687077717641234,0.6840804513600962,19046,37492,384,4581
CatBoost,0.3,0.46944051509682455,0.6565829639055688,0.11999340695566178,0.8797583081570997,0.21118282689100007,0.433407619654038,0.5918735671430662,24504,32034,597,4368
CatBoost,0.35,0.5484773100499163,0.6778006161992057,0.13297067628029743,0.83202416918429,0.2292961811722913,0.5235770632141215,0.5051298310651513,29602,26936,834,4131
CatBoost,0.4,0.6205063167650359,0.6898787159057476,0.14727223864552538,0.7726082578046324,0.2473881078292274,0.6071491740068626,0.42350779636765684,34327,22211,1129,3836
CatBoost,0.45,0.6846170105523308,0.6979255617081429,0.16468401486988848,0.7137965760322256,0.2676231829337361,0.6820545473840602,0.349901630814757,38562,17976,1421,3544
CatBoost,0.5,0.7396224574411004,0.6978967010824686,0.18404346582785244,0.6481369587109769,0.2866815144766147,0.7476564434539602,0.2842950750369901,42271,14267,1747,3218
CatBoost,0.55,0.7876363754613596,0.689104576779043,0.20607028753993611,0.5716012084592145,0.3029300314884987,0.8066079450988716,0.22392403622587517,45604,10934,2127,2838
CatBoost,0.6,0.826756418386095,0.6752912753703388,0.2316544048292775,0.494662638469285,0.3155392818140939,0.8559199122713927,0.17238183503243745,48392,8146,2509,2456
CatBoost,0.65,0.8566573988260735,0.6489310186694743,0.2542437779195916,0.4012084592145015,0.31125,0.8966535781244472,0.1273921597320456,50695,5843,2973,1992
CatBoost,0.7,0.8826561305952555,0.62375530336039,0.29070631970260224,0.31500503524672707,0.30236829386176894,0.9325055714740529,0.08747540770368925,52722,3816,3401,1564
CatBoost,0.75,0.9015007398013105,0.5960663196979301,0.3390279823269514,0.23182275931520643,0.27535885167464114,0.9603098800806538,0.05520055932230948,54294,2244,3814,1151
CatBoost,0.8,0.9142643448287076,0.5654372713419278,0.4140625,0.14944612286002015,0.21962409353263282,0.9814284198238353,0.02913679007528088,55488,1050,4223,742
CatBoost,0.85,0.9186055964749688,0.532156321032754,0.472630173564753,0.07129909365558912,0.12390619530976549,0.993013548409919,0.012178267726777556,56143,395,4611,354
CatBoost,0.9,0.9200364209875941,0.5107041180441805,0.632768361581921,0.02255790533736153,0.043562816024893036,0.9988503307509994,0.002877908394712453,56473,65,4853,112
CatBoost,0.95,0.9192884899923581,0.5001007049345418,1.0,0.0002014098690835851,0.0004027386226339106,1.0,1.6259369461652276e-05,56538,0,4964,1
XGBoost,0.05,0.09534494252312896,0.5073992370877155,0.08184248745709005,0.9987915407854985,0.15128819195509252,0.016006933389932435,0.9851877144204347,905,55633,6,4959
XGBoost,0.1,0.15872396468464953,0.5370029771170132,0.08669682618222944,0.9881168177240685,0.15940734001592125,0.0858891365099579,0.9200851990959791,4856,51682,59,4906
XGBoost,0.15,0.2529632700843861,0.5777883473607409,0.09477098330828257,0.9651560926485397,0.17259450017108177,0.1904206020729421,0.8221387574589858,10766,45772,173,4792
XGBoost,0.2,0.35139749280522903,0.6158948573368135,0.10467695929732422,0.9313192346424974,0.18820081808746617,0.3004704800311295,0.7182413865990277,16988,39550,341,4624
XGBoost,0.25,0.4459782449636603,0.6476798108888934,0.11626987265680613,0.8882175226586103,0.20562316407889214,0.4071420991191765,0.6167016243110092,23019,33519,555,4410
XGBoost,0.3,0.5280067638976961,0.6690549061514011,0.12838964729137067,0.8372608257804632,0.2226387810299119,0.500848986522339,0.5264458644293775,28317,28221,808,4157
XGBoost,0.35,0.6033526819829927,0.6857848032908701,0.14304085831863608,0.7840886203423968,0.24194400422609613,0.5874809862393434,0.4425149992683284,33215,23323,1072,3893
XGBoost,0.4,0.6689917564996829,0.6969594815197414,0.16012364760432768,0.7303121852970795,0.26265845708076785,0.6636067777424033,0.3681934214591158,37519,19019,1339,3626
XGBoost,0.45,0.7238996471716826,0.6975205885109594,0.17750939345142244,0.6660624370594159,0.2803136257681712,0.7289787399625031,0.30291205307058194,41215,15323,1658,3307
XGBoost,0.5,0.7701738126595451,0.6876903366545764,0.19478098788443615,0.58932527693857,0.29279031370390757,0.7860553963705826,0.24424824805294051,44442,12096,2039,2926
XGBoost,0.55,0.8100905646879014,0.6754127080158584,0.21611566754037373,0.5148036253776435,0.30443068127679845,0.8360217906540733,0.1922995626229615,47267,9271,2409,2556
XGBoost,0.6,0.8423979318082044,0.654035758534297,0.23709964412811388,0.4294058408862034,0.3055097800386903,0.8786656761823906,0.14620425019917727,49678,6860,2833,2132
XGBoost,0.65,0.8697787099816269,0.6320920058150874,0.26606209652628343,0.3486404833836858,0.3018045506058757,0.9155435282464891,0.10578345771750972,51763,4775,3234,1731
XGBoost,0.7,0.8898915500056908,0.6086754153744577,0.3001548330015483,0.273313192346425,0.2861058401855366,0.9440376384024903,0.07350860933612995,53374,3164,3608,1357
XGBoost,0.75,0.905776953969725,0.5835106543854311,0.3522079772079772,0.19919436052366565,0.254470603370642,0.9678269482471966,0.045656309448319596,54719,1819,3976,989
XGBoost,0.8,0.9153862413215615,0.5532787562390197,0.41730103806228375,0.12145015105740181,0.18814352574102963,0.9851073614206375,0.02349478887208754,55696,842,4362,603
XGBoost,0.85,0.9192559712534348,0.525804188696873,0.4991119005328597,0.05659617321248741,0.10166425470332852,0.9950122041812586,0.009154025006910232,56256,282,4684,281
XGBoost,0.9,0.9194673430564363,0.5062608320858767,0.5491803278688525,0.013494461228600202,0.02634165519952821,0.9990272029431533,0.0019836430743215777,56483,55,4898,67
XGBoost,0.95,0.9193210087312814,0.5003021148036254,1.0,0.0006042296072507553,0.0012077294685990338,1.0,4.877810838495683e-05,56538,0,4962,3
Blend 40% LGB / 50% CAT / 10% XGB,0.05,0.0867762548168382,0.5031061001241953,0.08119161745218971,0.9995971802618329,0.15018459117593658,0.006615019986557714,0.9938864770824187,374,56164,2,4963
Blend 40% LGB / 50% CAT / 10% XGB,0.1,0.1277661252296636,0.5233798907966505,0.08437211843857792,0.9951661631419939,0.15555590536307398,0.05159361845130708,0.9521811944132806,2917,53621,24,4941
Blend 40% LGB / 50% CAT / 10% XGB,0.15,0.20317708079280686,0.5575069527870943,0.09048982779782051,0.980060422960725,0.1656820851563697,0.13495348261346352,0.8743313334308895,7630,48908,99,4866
Blend 40% LGB / 50% CAT / 10% XGB,0.2,0.2941970310391363,0.5953470911043547,0.09888986269354368,0.9544813695871097,0.1792122827916123,0.23621281262159963,0.7791815033413004,13355,43183,226,4739
Blend 40% LGB / 50% CAT / 10% XGB,0.25,0.38552590930523717,0.6308750022309408,0.10917446484272686,0.9234642497482377,0.19526425620714621,0.3382857547136439,0.6828447392810106,19126,37412,380,4585
Blend 40% LGB / 50% CAT / 10% XGB,0.3,0.47256231403346177,0.6577297690006422,0.1205038952428311,0.8785498489425981,0.21193790540048102,0.4369096890586862,0.5885566557728892,24702,31836,603,4362
Blend 40% LGB / 50% CAT / 10% XGB,0.35,0.5514852934003219,0.6779669027776842,0.133387358184765,0.8288016112789527,0.2297919865977942,0.5271321942764159,0.5016015478919728,29803,26735,850,4115
Blend 40% LGB / 50% CAT / 10% XGB,0.4,0.6245223810220639,0.6938084526525966,0.1491988544004954,0.7764350453172205,0.2503002954257702,0.6111818599879727,0.4201095881501715,34555,21983,1110,3855
Blend 40% LGB / 50% CAT / 10% XGB,0.45,0.6863079849763426,0.7005906622810913,0.16607625617600447,0.7176233635448137,0.26973011847533973,0.6835579610173689,0.34882851243028795,38647,17891,1402,3563
Blend 40% LGB / 50% CAT / 10% XGB,0.5,0.7411670975399574,0.6994717345946726,0.18533838906124325,0.6497482376636455,0.28840910106834744,0.7491952315256996,0.2830105848495195,42358,14180,1739,3226
Blend 40% LGB / 50% CAT / 10% XGB,0.55,0.7886444563679821,0.6936029175468863,0.20882864598434328,0.5802618328298087,0.3071264857950003,0.806944002263964,0.22431426109295483,45623,10915,2084,2881
Blend 40% LGB / 50% CAT / 10% XGB,0.6,0.8260735248687056,0.6735419238928041,0.2299792726587526,0.49164149043303124,0.3133705629372874,0.855442357352577,0.17257694746597727,48365,8173,2524,2441
Blend 40% LGB / 50% CAT / 10% XGB,0.65,0.8577142578410809,0.6481279334199633,0.2554263565891473,0.39818731117824774,0.31121605667060215,0.8980685556616789,0.12584751963318863,50775,5763,2988,1977
Blend 40% LGB / 50% CAT / 10% XGB,0.7,0.8835341365461847,0.6239572743044033,0.29342105263157897,0.3144008056394763,0.30354885755955274,0.9335137429693303,0.08649984553599012,52779,3759,3404,1561
Blend 40% LGB / 50% CAT / 10% XGB,0.75,0.9026551550330878,0.5954081574309993,0.3449635922330097,0.22900302114803625,0.27526933785256025,0.9618132937139623,0.0535908817456059,54379,2159,3828,1137
Blend 40% LGB / 50% CAT / 10% XGB,0.8,0.9146057915874023,0.5637857606450075,0.4170999422299249,0.14541792547834845,0.21565113500597372,0.9821535958116665,0.028144968538120093,55529,1009,4243,722
Blend 40% LGB / 50% CAT / 10% XGB,0.85,0.91910963692828,0.528847881258163,0.4921875,0.0634441087613293,0.11239964317573595,0.9942516537549967,0.010405996455457457,56213,325,4650,315
Blend 40% LGB / 50% CAT / 10% XGB,0.9,0.919760011706746,0.5069711850084199,0.6293103448275862,0.014702920443101713,0.028734501082464083,0.999239449573738,0.0018860868575516642,56495,43,4892,73
Blend 40% LGB / 50% CAT / 10% XGB,0.95,0.9192884899923581,0.5001007049345418,1.0,0.0002014098690835851,0.0004027386226339106,1.0,1.6259369461652276e-05,56538,0,4964,1
